5a42073d-4824-445f-874b-51955b1d0e00,Yatri,Bike,Project Zero,TwoWheeler
5a42073d-4824-445f-874b-51955b1d0e00,Yatri,Bike,Project One,TwoWheeler
2c03eff3-cbc8-4fb4-9140-b7e71b4802c2,Bajaj,Bike,Dominar 400 BS6,TwoWheeler
2c03eff3-cbc8-4fb4-9140-b7e71b4802c3,Bajaj,Bike,Dominar 250,TwoWheeler
2c03eff3-cbc8-4fb4-9140-b7e71b4802c4,Bajaj,Bike,Dominar 200,TwoWheeler
2c03eff3-cbc8-4fb4-9140-b7e71b4802c5,Bajaj,Bike,Pulsar N 250 Dual ABS,TwoWheeler
2c03eff3-cbc8-4fb4-9140-b7e71b4802c6,Bajaj,Bike,Pulsar 220f ABS,TwoWheeler
2c03eff3-cbc8-4fb4-9140-b7e71b4802c7,Bajaj,Bike,Pulsar NS 200 ABS FI,TwoWheeler
2c03eff3-cbc8-4fb4-9140-b7e71b4802c8,Bajaj,Bike,Pulsar NS 200 ABS ,TwoWheeler
2c03eff3-cbc8-4fb4-9140-b7e71b4802c9,Bajaj,Bike,Pulsar NS 200,TwoWheeler
2c03eff3-cbc8-4fb4-9140-b7e71b4802c10,Bajaj,Bike,Pulsar N 160 Dual ABS,TwoWheeler
2c03eff3-cbc8-4fb4-9140-b7e71b4802c11,Bajaj,Bike,Pulsar 160 NS ABS,TwoWheeler
2c03eff3-cbc8-4fb4-9140-b7e71b4802c12,Bajaj,Bike,Pulsar 160 TD,TwoWheeler
2c03eff3-cbc8-4fb4-9140-b7e71b4802c13,Bajaj,Bike,Pulsar 150 TD,TwoWheeler
2c03eff3-cbc8-4fb4-9140-b7e71b4802c14,Bajaj,Bike,Pulsar 150 TD,TwoWheeler
2c03eff3-cbc8-4fb4-9140-b7e71b4802c15,Bajaj,Bike,Pulsar 125,TwoWheeler
2c03eff3-cbc8-4fb4-9140-b7e71b4802c16,Bajaj,Bike,Pulsar NS 125 BS6,TwoWheeler
2c03eff3-cbc8-4fb4-9140-b7e71b4802c17,Bajaj,Bike,Discover 125 Disc,TwoWheeler
2c03eff3-cbc8-4fb4-9140-b7e71b4802c18,Bajaj,Bike,Discover 125 ST,TwoWheeler
2c03eff3-cbc8-4fb4-9140-b7e71b4802c19,Bajaj,Bike,Avenger 220 Cruise,TwoWheeler
2c03eff3-cbc8-4fb4-9140-b7e71b4802c20,Bajaj,Bike,Avenger 160 Street ABS,TwoWheeler
2c03eff3-cbc8-4fb4-9140-b7e71b4802c21,Bajaj,Bike,Platina 100 ES,TwoWheeler
bb5a2fbb-5424-4be8-b51e-d626c15ef05b,Yamaha,Bike,R3,TwoWheeler
bb5a2fbb-5424-4be8-b51e-d626c15ef05b,Yamaha,Bike,R15 M,TwoWheeler
bb5a2fbb-5424-4be8-b51e-d626c15ef05b,Yamaha,Bike,R15 V3 BS6,TwoWheeler
bb5a2fbb-5424-4be8-b51e-d626c15ef05b,Yamaha,Bike,R15 V4,TwoWheeler
bb5a2fbb-5424-4be8-b51e-d626c15ef05b,Yamaha,Bike,FAZER-25,TwoWheeler
bb5a2fbb-5424-4be8-b51e-d626c15ef05b,Yamaha,Bike,FZ-25,TwoWheeler
bb5a2fbb-5424-4be8-b51e-d626c15ef05b,Yamaha,Bike,FZ-X,TwoWheeler
bb5a2fbb-5424-4be8-b51e-d626c15ef05b,Yamaha,Bike,FZS V3 X-Connect,TwoWheeler
bb5a2fbb-5424-4be8-b51e-d626c15ef05b,Yamaha,Bike,FZSV2,TwoWheeler
bb5a2fbb-5424-4be8-b51e-d626c15ef05b,Yamaha,Bike,MT-15 BS6,TwoWheeler
bb5a2fbb-5424-4be8-b51e-d626c15ef05b,Yamaha,Bike,FZ V2,TwoWheeler
bb5a2fbb-5424-4be8-b51e-d626c15ef05b,Yamaha,Bike,SZ-RR,TwoWheeler
bb5a2fbb-5424-4be8-b51e-d626c15ef05b,Yamaha,Bike,SALUTO,TwoWheeler
bb5a2fbb-5424-4be8-b51e-d626c15ef05b,Yamaha,Bike,XTZ 150 FI,TwoWheeler
bb5a2fbb-5424-4be8-b51e-d626c15ef05b,Yamaha,Scooter,FASCINO 125 FI,TwoWheeler
bb5a2fbb-5424-4be8-b51e-d626c15ef05b,Yamaha,Scooter,RayZR 125 FI,TwoWheeler
bb5a2fbb-5424-4be8-b51e-d626c15ef05b,Yamaha,Scooter,RayZR Street Rally 125 FI,TwoWheeler
bb5a2fbb-5424-4be8-b51e-d626c15ef05b,Yamaha,Scooter,NMAX 155,TwoWheeler
bb5a2fbb-5424-4be8-b51e-d626c15ef05b,Yamaha,Scooter,FASCINO 113,TwoWheeler
bb5a2fbb-5424-4be8-b51e-d626c15ef05b,Yamaha,Scooter,RAY ZA Street Rally 113,TwoWheeler
bb5a2fbb-5424-4be8-b51e-d626c15ef05b,Yamaha,Scooter,RAY Z 113,TwoWheeler
0837c62a-d5f8-47f1-a6e3-574000e50786,Tvs,Bike,RR 310,TwoWheeler
0837c62a-d5f8-47f1-a6e3-574000e50787,Tvs,Bike,RTR 200 4V RTFI BS6,TwoWheeler
0837c62a-d5f8-47f1-a6e3-574000e50788,Tvs,Bike,RTR 200 4V ABS,TwoWheeler
0837c62a-d5f8-47f1-a6e3-574000e50789,Tvs,Bike,RTR 160 4v ABS,TwoWheeler
0837c62a-d5f8-47f1-a6e3-574000e50790,Tvs,Bike,RTR 160 4V RD,TwoWheeler
0837c62a-d5f8-47f1-a6e3-574000e50791,Tvs,Bike,RTR 180 2v,TwoWheeler
0837c62a-d5f8-47f1-a6e3-574000e50792,Tvs,Bike,RTR 160 4V FD,TwoWheeler
0837c62a-d5f8-47f1-a6e3-574000e50793,Tvs,Bike,RTR 160 4V RD,TwoWheeler
0837c62a-d5f8-47f1-a6e3-574000e50794,Tvs,Bike,RTR 200 4V v2.0,TwoWheeler
0837c62a-d5f8-47f1-a6e3-574000e50795,Tvs,Bike,RTR 160 4V FD,TwoWheeler
0837c62a-d5f8-47f1-a6e3-574000e50796,Tvs,Bike,RTR 160 2V FD,TwoWheeler
0837c62a-d5f8-47f1-a6e3-574000e50797,Tvs,Bike,Stryker 125,TwoWheeler
0837c62a-d5f8-47f1-a6e3-574000e50798,Tvs,Bike,Tvs Max 125,TwoWheeler
0837c62a-d5f8-47f1-a6e3-574000e50799,Tvs,Bike,RTR 160 4V RTFI BS6,TwoWheeler
0837c62a-d5f8-47f1-a6e3-574000e50800,Tvs,Bike,RADEON,TwoWheeler
0837c62a-d5f8-47f1-a6e3-574000e50801,Tvs,Bike,XI 100,TwoWheeler
0837c62a-d5f8-47f1-a6e3-574000e50802,Tvs,Bike,Tvs stryker 125 Refresh,TwoWheeler
0837c62a-d5f8-47f1-a6e3-574000e50803,Tvs,Bike,Tvs Raider,TwoWheeler
0837c62a-d5f8-47f1-a6e3-574000e50786,Tvs,Scooter,Ntorq Disc,TwoWheeler
0837c62a-d5f8-47f1-a6e3-574000e50787,Tvs,Scooter,Ntorq Race Edition,TwoWheeler
0837c62a-d5f8-47f1-a6e3-574000e50788,Tvs,Scooter,Ntorq Super Squad Edition,TwoWheeler
0837c62a-d5f8-47f1-a6e3-574000e50789,Tvs,Scooter,Ntorq XP,TwoWheeler
0837c62a-d5f8-47f1-a6e3-574000e50790,Tvs,Scooter,Ntorq Drum,TwoWheeler
0837c62a-d5f8-47f1-a6e3-574000e50791,Tvs,Scooter,Ntorq RTFI BS6,TwoWheeler
0837c62a-d5f8-47f1-a6e3-574000e50792,Tvs,Scooter,Tvs Wego FI,TwoWheeler
0837c62a-d5f8-47f1-a6e3-574000e50793,Tvs,Scooter,Dazz,TwoWheeler
0837c62a-d5f8-47f1-a6e3-574000e50794,Tvs,Scooter,Zest,TwoWheeler
0837c62a-d5f8-47f1-a6e3-574000e50795,Tvs,Scooter,Jupiter Classic,TwoWheeler
0837c62a-d5f8-47f1-a6e3-574000e50796,Tvs,Scooter,Wego,TwoWheeler
9e90311c-5a6c-11ed-8ca1-070fed719a25,Honda,Bike,CB Hornet 2.0,TwoWheeler
9e90311c-5a6c-11ed-8ca1-070fed719a26,Honda,Bike,CB Uniocorn 150,TwoWheeler
9e90311c-5a6c-11ed-8ca1-070fed719a27,Honda,Bike,XBlade,TwoWheeler
9e90311c-5a6c-11ed-8ca1-070fed719a28,Honda,Bike,CB Shine Sp,TwoWheeler
9e90311c-5a6c-11ed-8ca1-070fed719a29,Honda,Bike,CB Hornet 160R,TwoWheeler
9e90311c-5a6c-11ed-8ca1-070fed719a30,Honda,Bike,CD 110 Dream,TwoWheeler
9e90311c-5a6c-11ed-8ca1-070fed719a31,Honda,Bike,CB Shine,TwoWheeler
9e90311c-5a6c-11ed-8ca1-070fed719a32,Honda,Bike,Honda CB350RS,TwoWheeler
9e90311c-5a6c-11ed-8ca1-070fed719a33,Honda,Bike,H'ness CB350,TwoWheeler
9e90311c-5a6c-11ed-8ca1-070fed719a34,Honda,Bike,XR190L,TwoWheeler
9e90311c-5a6c-11ed-8ca1-070fed719a35,Honda,Bike,CBR 600RR,TwoWheeler
9e90311c-5a6c-11ed-8ca1-070fed719a36,Honda,Bike,CBR 250R,TwoWheeler
9e90311c-5a6c-11ed-8ca1-070fed719a37,Honda,Bike,XR 150L,TwoWheeler
9e90311c-5a6c-11ed-8ca1-070fed719a25,Honda,Scooter,Grazia BS6,TwoWheeler
9e90311c-5a6c-11ed-8ca1-070fed719a26,Honda,Scooter,Grazia,TwoWheeler
9e90311c-5a6c-11ed-8ca1-070fed719a27,Honda,Scooter,Aviator,TwoWheeler
9e90311c-5a6c-11ed-8ca1-070fed719a28,Honda,Scooter,Activa 125,TwoWheeler
9e90311c-5a6c-11ed-8ca1-070fed719a29,Honda,Scooter,DIO,TwoWheeler
70908f86-c2a5-4d3e-9455-9c2515575668,Ktm,Bike,Duke 790,TwoWheeler
70908f86-c2a5-4d3e-9455-9c2515575669,Ktm,Bike,Duke 390,TwoWheeler
70908f86-c2a5-4d3e-9455-9c2515575670,Ktm,Bike,Duke 250,TwoWheeler
70908f86-c2a5-4d3e-9455-9c2515575671,Ktm,Bike,Duke 200,TwoWheeler
70908f86-c2a5-4d3e-9455-9c2515575672,Ktm,Bike,Adventure 390,TwoWheeler
70908f86-c2a5-4d3e-9455-9c2515575673,Ktm,Bike,Adventure 250,TwoWheeler
70908f86-c2a5-4d3e-9455-9c2515575674,Ktm,Bike,RC 390,TwoWheeler
70908f86-c2a5-4d3e-9455-9c2515575675,Ktm,Bike,RC 200,TwoWheeler
507f1062-c803-4075-ac18-06182e64a8aa,Hero,Bike,Super Splendor FI,TwoWheeler
507f1062-c803-4075-ac18-06182e64a8aa,Hero,Bike,Glamour XTEC,TwoWheeler
507f1062-c803-4075-ac18-06182e64a8aa,Hero,Bike,XPULSe 200 4V ,TwoWheeler
507f1062-c803-4075-ac18-06182e64a8aa,Hero,Bike,XTREME 160R,TwoWheeler
507f1062-c803-4075-ac18-06182e64a8aa,Hero,Bike,Hun 150R,TwoWheeler
507f1062-c803-4075-ac18-06182e64a8aa,Hero,Bike,XPULSE 200,TwoWheeler
507f1062-c803-4075-ac18-06182e64a8aa,Hero,Bike,XPULSE 200T,TwoWheeler
507f1062-c803-4075-ac18-06182e64a8aa,Hero,Bike,XTREME 200R,TwoWheeler
507f1062-c803-4075-ac18-06182e64a8aa,Hero,Bike,XTREME Sports,TwoWheeler
507f1062-c803-4075-ac18-06182e64a8aa,Hero,Bike,Achiever,TwoWheeler
507f1062-c803-4075-ac18-06182e64a8aa,Hero,Bike,Glamour Techno(IBS),TwoWheeler
507f1062-c803-4075-ac18-06182e64a8aa,Hero,Bike,Glamour,TwoWheeler
507f1062-c803-4075-ac18-06182e64a8aa,Hero,Bike,Super Splendor,TwoWheeler
507f1062-c803-4075-ac18-06182e64a8aa,Hero,Bike,Splendor Ismart 110,TwoWheeler
507f1062-c803-4075-ac18-06182e64a8aa,Hero,Bike,Splendor Plus,TwoWheeler
507f1062-c803-4075-ac18-06182e64a8aa,Hero,Bike,HF DELUXE,TwoWheeler
507f1062-c803-4075-ac18-06182e64a8aa,Hero,Scooter,Maestro Edge 125,TwoWheeler
507f1062-c803-4075-ac18-06182e64a8aa,Hero,Scooter,Pleasure Plus Platinum,TwoWheeler
507f1062-c803-4075-ac18-06182e64a8aa,Hero,Scooter,Destini,TwoWheeler
507f1062-c803-4075-ac18-06182e64a8aa,Hero,Scooter,Master Edge,TwoWheeler
507f1062-c803-4075-ac18-06182e64a8aa,Hero,Scooter,Pleasure Plus,TwoWheeler
507f1062-c803-4075-ac18-06182e64a8aa,Hero,Scooter,Duet,TwoWheeler
507f1062-c803-4075-ac18-06182e64a8aa,Hero,Scooter,Pleasure,TwoWheeler
507f1062-c803-4075-ac18-06182e64a8aa,Hero,Scooter,Photon,TwoWheeler
507f1062-c803-4075-ac18-06182e64a8aa,Hero,Scooter,NYX HX,TwoWheeler
507f1062-c803-4075-ac18-06182e64a8aa,Hero,Scooter,Optima HX,TwoWheeler
5a1c94e9-87f0-4388-b0aa-32380b1722f1,Royal Enfield,Bike,Classic 350,TwoWheeler
5a1c94e9-87f0-4388-b0aa-32380b1722f2,Royal Enfield,Bike,Thunderbird X 350,TwoWheeler
5a1c94e9-87f0-4388-b0aa-32380b1722f3,Royal Enfield,Bike,Bullet Electra 350,TwoWheeler
5a1c94e9-87f0-4388-b0aa-32380b1722f4,Royal Enfield,Bike,Himalayan,TwoWheeler
5a1c94e9-87f0-4388-b0aa-32380b1722f5,Royal Enfield,Bike,Interceptor 650,TwoWheeler
5a1c94e9-87f0-4388-b0aa-32380b1722f6,Royal Enfield,Bike,Metero 650,TwoWheeler
822d19fe-41ef-4d24-bf94-740a534ecf64,Ace British,Bike,Classic,TwoWheeler
822d19fe-41ef-4d24-bf94-740a534ecf65,Ace British,Bike,Scrambler,TwoWheeler
9985ef5d-127c-46fd-b845-b2dd7ebddb93,Aprilia,Scooter,Storm 125,TwoWheeler
9985ef5d-127c-46fd-b845-b2dd7ebddb94,Aprilia,Scooter,SR 125,TwoWheeler
9985ef5d-127c-46fd-b845-b2dd7ebddb97,Aprilia,Scooter,SR 150,TwoWheeler
9985ef5d-127c-46fd-b845-b2dd7ebddb95,Aprilia,Scooter,SR 150 Race Edition,TwoWheeler
9985ef5d-127c-46fd-b845-b2dd7ebddb96,Aprilia,Scooter,SXR 160,TwoWheeler
cd88c315-6ff6-4de6-ab3a-ba066b20fe69,Beneli,Bike,180s,TwoWheeler
cd88c315-6ff6-4de6-ab3a-ba066b20fe70,Beneli,Bike,302s,TwoWheeler
cd88c315-6ff6-4de6-ab3a-ba066b20fe71,Beneli,Bike,Leoncino 500,TwoWheeler
cd88c315-6ff6-4de6-ab3a-ba066b20fe72,Beneli,Bike,TNT 135,TwoWheeler
cd88c315-6ff6-4de6-ab3a-ba066b20fe73,Beneli,Bike,TNT 15,TwoWheeler
cd88c315-6ff6-4de6-ab3a-ba066b20fe74,Beneli,Bike,TNT 150i,TwoWheeler
cd88c315-6ff6-4de6-ab3a-ba066b20fe75,Beneli,Bike,TNT 600i,TwoWheeler
cd88c315-6ff6-4de6-ab3a-ba066b20fe76,Beneli,Bike,TRK 502,TwoWheeler
cd88c315-6ff6-4de6-ab3a-ba066b20fe76,Beneli,Scooter,Panarea 125,TwoWheeler
cd88c315-6ff6-4de6-ab3a-ba066b20fe76,Beneli,Scooter,Zenzero 150,TwoWheeler
cd47d434-810a-4039-a86f-a2e5512fc7b1,BMW,Bike,G 310R,TwoWheeler
cd47d434-810a-4039-a86f-a2e5512fc7b2,BMW,Bike,GS 310R,TwoWheeler
cd47d434-810a-4039-a86f-a2e5512fc7b3,BMW,Bike,F 850 GS,TwoWheeler
9999f3cb-3b30-4ab5-850a-e012447a608f,CFMOTO,Bike,150 NK,TwoWheeler
9999f3cb-3b30-4ab5-850a-e012447a608f,CFMOTO,Bike,250 SR,TwoWheeler
9999f3cb-3b30-4ab5-850a-e012447a608f,CFMOTO,Bike,250 NK,TwoWheeler
9999f3cb-3b30-4ab5-850a-e012447a608f,CFMOTO,Bike,400 GT,TwoWheeler
9999f3cb-3b30-4ab5-850a-e012447a608f,CFMOTO,Bike,400 NK,TwoWheeler
9999f3cb-3b30-4ab5-850a-e012447a608f,CFMOTO,Bike,650 MT,TwoWheeler
9999f3cb-3b30-4ab5-850a-e012447a608f,CFMOTO,Bike,650 NK,TwoWheeler
9999f3cb-3b30-4ab5-850a-e012447a608f,CFMOTO,Bike,ST Papio,TwoWheeler
723cce60-73b1-4239-a353-1d586cacba0c,Crossfire,Bike,GR7 250,TwoWheeler
723cce60-73b1-4239-a353-1d586cacba0c,Crossfire,Bike,HJ 250,TwoWheeler
723cce60-73b1-4239-a353-1d586cacba0c,Crossfire,Bike,RM 250 - Race Edition,TwoWheeler
723cce60-73b1-4239-a353-1d586cacba0c,Crossfire,Bike,Tracker 250,TwoWheeler
c07b3933-382d-4f55-9443-3194c884f861,Ducati,Bike,Panigale,TwoWheeler
c07b3933-382d-4f55-9443-3194c884f867,Ducati,Bike,Panigale R,TwoWheeler
c07b3933-382d-4f55-9443-3194c884f867,Ducati,Bike,Panigale V4,TwoWheeler
c07b3933-382d-4f55-9443-3194c884f867,Ducati,Bike,Panigale V4 S,TwoWheeler
c07b3933-382d-4f55-9443-3194c884f862,Ducati,Bike,Hypermotard,TwoWheeler
c07b3933-382d-4f55-9443-3194c884f863,Ducati,Bike,Hyperstrada,TwoWheeler
c07b3933-382d-4f55-9443-3194c884f864,Ducati,Bike,Monster 797,TwoWheeler
c07b3933-382d-4f55-9443-3194c884f865,Ducati,Bike,Monster+,TwoWheeler
c07b3933-382d-4f55-9443-3194c884f865,Ducati,Bike,Monster 821,TwoWheeler
c07b3933-382d-4f55-9443-3194c884f866,Ducati,Bike,Monster 1200,TwoWheeler
c07b3933-382d-4f55-9443-3194c884f867,Ducati,Bike,Monster 1200 S,TwoWheeler
c07b3933-382d-4f55-9443-3194c884f868,Ducati,Bike,Multistrada 950,TwoWheeler
c07b3933-382d-4f55-9443-3194c884f868,Ducati,Bike,Multistrada 950s,TwoWheeler
c07b3933-382d-4f55-9443-3194c884f868,Ducati,Bike,Multistrada V4,TwoWheeler
c07b3933-382d-4f55-9443-3194c884f868,Ducati,Bike,Multistrada 1260 Enduro,TwoWheeler
c07b3933-382d-4f55-9443-3194c884f868,Ducati,Bike,Scrambler,TwoWheeler
c07b3933-382d-4f55-9443-3194c884f869,Ducati,Bike,Scrambler Full Throttle,TwoWheeler
c07b3933-382d-4f55-9443-3194c884f870,Ducati,Bike,Scrambler Cafe Racer,TwoWheeler
c07b3933-382d-4f55-9443-3194c884f870,Ducati,Bike,Scrambler Desert Sled,TwoWheeler
c07b3933-382d-4f55-9443-3194c884f871,Ducati,Bike,Scrambler Desert Sled Fasthouse,TwoWheeler
c07b3933-382d-4f55-9443-3194c884f872,Ducati,Bike,Scrambler Sixty2,TwoWheeler
c07b3933-382d-4f55-9443-3194c884f872,Ducati,Bike,Supersport 950,TwoWheeler
c07b3933-382d-4f55-9443-3194c884f873,Ducati,Bike,Diavel 1260,TwoWheeler
c07b3933-382d-4f55-9443-3194c884f874,Ducati,Bike,Diavel 1260 S,TwoWheeler
c07b3933-382d-4f55-9443-3194c884f875,Ducati,Bike,XDiavel Dark,TwoWheeler
c07b3933-382d-4f55-9443-3194c884f876,Ducati,Bike,XDiavel S,TwoWheeler
c07b3933-382d-4f55-9443-3194c884f877,Ducati,Bike,XDiavel Black Star,TwoWheeler
85697fb0-4071-48de-b54a-de38c1cf3fff,Husqvarna,Bike,Svartpilen 250,TwoWheeler
85697fb0-4071-48de-b54a-de38c1cf3fff,Husqvarna,Bike,Vitpilen 250,TwoWheeler
7c75f67d-499e-4d57-acbf-6c4aaa4a8c88,Italijet,Bike,Nevada 250,TwoWheeler
7c75f67d-499e-4d57-acbf-6c4aaa4a8c89,Italijet,Bike,Stallion 250,TwoWheeler
7c75f67d-499e-4d57-acbf-6c4aaa4a8c91,Italijet,Scooter,Formula 150,TwoWheeler
ff693c42-29d3-4370-aaae-6ace56b52bb0,Jawa,Bike,Forty Two,TwoWheeler
ff693c42-29d3-4370-aaae-6ace56b52bb1,Jawa,Bike,JAWA,TwoWheeler
ff693c42-29d3-4370-aaae-6ace56b52bb2,Jawa,Bike,Perak,TwoWheeler
7e8bb24f-8e98-4fc0-86c5-cc2da2ddebbe,Motorhead,Bike,MH 200X,TwoWheeler
7e8bb24f-8e98-4fc0-86c5-cc2da2ddebbe,Motorhead,Bike,Scrambler 250,TwoWheeler
7e8bb24f-8e98-4fc0-86c5-cc2da2ddebbe,Motorhead,Bike,Sports 250 (Off-Road Tyre),TwoWheeler
7e8bb24f-8e98-4fc0-86c5-cc2da2ddebbe,Motorhead,Bike,Sports 250 (Road Tyre),TwoWheeler
7e8bb24f-8e98-4fc0-86c5-cc2da2ddebbe,Motorhead,Bike,Tekken R250,TwoWheeler
7e8bb24f-8e98-4fc0-86c5-cc2da2ddebbe,Motorhead,Bike,X - Torque 250,TwoWheeler
7e8bb24f-8e98-4fc0-86c5-cc2da2ddebbe,Motorhead,Bike,MH 150R,TwoWheeler
70f1a378-ee31-42a2-95ff-e9502499e0fc,MV Agusta,Bike,F4,TwoWheeler
70f1a378-ee31-42a2-95ff-e9502499e0fc,MV Agusta,Bike,Brutale B4 Serie Oro,TwoWheeler
70f1a378-ee31-42a2-95ff-e9502499e0fc,MV Agusta,Bike,F3 675,TwoWheeler
70f1a378-ee31-42a2-95ff-e9502499e0fc,MV Agusta,Bike,Brutale 800,TwoWheeler
70f1a378-ee31-42a2-95ff-e9502499e0fc,MV Agusta,Bike,Brutale 800RR,TwoWheeler
70f1a378-ee31-42a2-95ff-e9502499e0fc,MV Agusta,Bike,Brutale 800RR Pirelli,TwoWheeler
70f1a378-ee31-42a2-95ff-e9502499e0fc,MV Agusta,Bike,Brutale 800RR LH44,TwoWheeler
70f1a378-ee31-42a2-95ff-e9502499e0fc,MV Agusta,Bike,Brutale 800RR America,TwoWheeler
70f1a378-ee31-42a2-95ff-e9502499e0fc,MV Agusta,Bike,Dragster 800RR,TwoWheeler
70f1a378-ee31-42a2-95ff-e9502499e0fc,MV Agusta,Bike,TV 800,TwoWheeler
70f1a378-ee31-42a2-95ff-e9502499e0fc,MV Agusta,Bike,SV 800 Serie Oro,TwoWheeler
3add2873-3e31-48ea-96b3-ab5bb0219fbb,Suzuki,Bike,Gixxer,TwoWheeler
3add2873-3e31-48ea-96b3-ab5bb0219fbb,Suzuki,Bike,Gixxer 250,TwoWheeler
3add2873-3e31-48ea-96b3-ab5bb0219fbb,Suzuki,Bike,Gixxer SF ,TwoWheeler
3add2873-3e31-48ea-96b3-ab5bb0219fbb,Suzuki,Bike,Gixxer SF 250,TwoWheeler
3add2873-3e31-48ea-96b3-ab5bb0219fbb,Suzuki,Bike,Hayate 113cc,TwoWheeler
3add2873-3e31-48ea-96b3-ab5bb0219fbb,Suzuki,Bike,Intruder,TwoWheeler
3add2873-3e31-48ea-96b3-ab5bb0219fbb,Suzuki,Scooter,Access 125 FI,TwoWheeler
3add2873-3e31-48ea-96b3-ab5bb0219fbb,Suzuki,Scooter,Burgman 125 FI,TwoWheeler
3add2873-3e31-48ea-96b3-ab5bb0219fbb,Suzuki,Scooter,Avenis 125,TwoWheeler
b4b379cf-2724-4284-b558-594e54a49785,Vespa,Scooter,Elegante 125,TwoWheeler
b4b379cf-2724-4284-b558-594e54a49785,Vespa,Scooter,Elegante 150,TwoWheeler
b4b379cf-2724-4284-b558-594e54a49786,Vespa,Scooter,LX 125,TwoWheeler
b4b379cf-2724-4284-b558-594e54a49786,Vespa,Scooter,LX 150,TwoWheeler
b4b379cf-2724-4284-b558-594e54a49787,Vespa,Scooter,NOTTE 125,TwoWheeler
b4b379cf-2724-4284-b558-594e54a49788,Vespa,Scooter,SXL 125,TwoWheeler
b4b379cf-2724-4284-b558-594e54a49789,Vespa,Scooter,SXL 150,TwoWheeler
b4b379cf-2724-4284-b558-594e54a49790,Vespa,Scooter,VXL 125,TwoWheeler
b4b379cf-2724-4284-b558-594e54a49791,Vespa,Scooter,VXL 150,TwoWheeler
ff923ad9-187e-4e91-a2d9-f7507bce01bd,UM,Bike,Renegade Sport 140,TwoWheeler
ff923ad9-187e-4e91-a2d9-f7507bce01bd,UM,Bike,Renegade Sport 180,TwoWheeler
ff923ad9-187e-4e91-a2d9-f7507bce01bd,UM,Bike,Renegade Commando 230,TwoWheeler
ff923ad9-187e-4e91-a2d9-f7507bce01bd,UM,Bike,Renegade Commando 300,TwoWheeler
ff923ad9-187e-4e91-a2d9-f7507bce01bd,UM,Bike,DSR 200,TwoWheeler
ff923ad9-187e-4e91-a2d9-f7507bce01bd,UM,Bike,DSR 230,TwoWheeler
ff923ad9-187e-4e91-a2d9-f7507bce01bd,UM,Bike,Renegade Sports S 300,TwoWheeler
ff923ad9-187e-4e91-a2d9-f7507bce01bd,UM,Bike,Hypersport 230,TwoWheeler
ff923ad9-187e-4e91-a2d9-f7507bce01bd,UM,Bike,Nitrox LS 125,TwoWheeler
ff923ad9-187e-4e91-a2d9-f7507bce01bd,UM,Bike,Nitrox LX 150,TwoWheeler
ff923ad9-187e-4e91-a2d9-f7507bce01bd,UM,Bike,Renegade Duty 125,TwoWheeler
ff923ad9-187e-4e91-a2d9-f7507bce01bd,UM,Bike,Xtreet R 180,TwoWheeler
ff923ad9-187e-4e91-a2d9-f7507bce01bd,UM,Bike,Xtreet R 200,TwoWheeler
ff923ad9-187e-4e91-a2d9-f7507bce01bd,UM,Bike,Xtreet R 230,TwoWheeler
ff923ad9-187e-4e91-a2d9-f7507bce01bd,UM,Bike,Hypersport 200,TwoWheeler
ff923ad9-187e-4e91-a2d9-f7507bce01bd,UM,Scooter,Powermax 125,TwoWheeler
fb525bea-7707-4508-a06b-c31133297bda,Runner,Bike,Hawk 200,TwoWheeler
fb525bea-7707-4508-a06b-c31133297bda,Runner,Bike,Turbo 125,TwoWheeler
fb525bea-7707-4508-a06b-c31133297bda,Runner,Bike,Royal+ 110,TwoWheeler
fb525bea-7707-4508-a06b-c31133297bda,Runner,Bike,Bullet 100,TwoWheeler
fb525bea-7707-4508-a06b-c31133297bda,Runner,Bike,Knight Rider 150,TwoWheeler
fb525bea-7707-4508-a06b-c31133297bda,Runner,Bike,Bike RT 86,TwoWheeler
fb525bea-7707-4508-a06b-c31133297bda,Runner,Bike,Ad 80S Deluxe 85,TwoWheeler
fb525bea-7707-4508-a06b-c31133297bda,Runner,Bike,Cheetah 100,TwoWheeler
fb525bea-7707-4508-a06b-c31133297bda,Runner,Bike,Rodeo 165,TwoWheeler
fb525bea-7707-4508-a06b-c31133297bda,Runner,Scooter,Kite Plus 110,TwoWheeler
507fa6cf-344a-47ea-8a83-7ca0db7bec7c,Asian Beast,Bike,V01,TwoWheeler
507fa6cf-344a-47ea-8a83-7ca0db7bec7c,Asian Beast,Bike,Hyper X 250,TwoWheeler
41524ce5-62e6-4dfe-b052-d4c1b1737350,Cross X,Bike,250R,TwoWheeler
41524ce5-62e6-4dfe-b052-d4c1b1737351,Cross X,Bike,50R EFI,TwoWheeler
41524ce5-62e6-4dfe-b052-d4c1b1737352,Cross X,Bike,250 SE Motard,TwoWheeler
d76eb50c-0e47-4849-87bd-6776f4a4e5ac,Haojue,Bike,NK150,TwoWheeler
b542fce1-d029-496a-8b02-f93b365cc259,Harley Davidson,Bike,Iron 883,TwoWheeler
b542fce1-d029-496a-8b02-f93b365cc260,Harley Davidson,Bike,Street 750,TwoWheeler
b542fce1-d029-496a-8b02-f93b365cc261,Harley Davidson,Bike,Street Rod 750,TwoWheeler
36ab7947-eac7-41bb-a72b-fc332e61ba1e,Hartford,Bike,VR 220H,TwoWheeler
36ab7947-eac7-41bb-a72b-fc332e61ba1e,Hartford,Bike,VR 150H,TwoWheeler
009e3cf7-45cc-4cac-8f34-6441a36a1ea7,Kawasaki,Bike,Klx 230 Se,TwoWheeler
009e3cf7-45cc-4cac-8f34-6441a36a1ea8,Kawasaki,Bike,Ninja Zx-10r,TwoWheeler
009e3cf7-45cc-4cac-8f34-6441a36a1ea9,Kawasaki,Bike,Versys 650,TwoWheeler
009e3cf7-45cc-4cac-8f34-6441a36a1ea10,Kawasaki,Bike,Z900 ,TwoWheeler
009e3cf7-45cc-4cac-8f34-6441a36a1ea11,Kawasaki,Bike,Vulcan S,TwoWheeler
009e3cf7-45cc-4cac-8f34-6441a36a1ea12,Kawasaki,Bike,300,TwoWheeler
009e3cf7-45cc-4cac-8f34-6441a36a1ea13,Kawasaki,Bike,650,TwoWheeler
009e3cf7-45cc-4cac-8f34-6441a36a1ea14,Kawasaki,Bike,Ninja H2R,TwoWheeler
009e3cf7-45cc-4cac-8f34-6441a36a1ea15,Kawasaki,Bike,Ninja 1000,TwoWheeler
009e3cf7-45cc-4cac-8f34-6441a36a1ea16,Kawasaki,Bike,Ninja 250,TwoWheeler
fa5a709b-56c3-4b34-9e03-953a8eb3ef2d,Mahindra,Bike,Centuro 107,TwoWheeler
fa5a709b-56c3-4b34-9e03-953a8eb3ef2d,Mahindra,Bike,Centuro Rockstar 107,TwoWheeler
fa5a709b-56c3-4b34-9e03-953a8eb3ef2d,Mahindra,Bike,Mojo 300,TwoWheeler
fa5a709b-56c3-4b34-9e03-953a8eb3ef2d,Mahindra,Bike,Pantero 107,TwoWheeler
fa5a709b-56c3-4b34-9e03-953a8eb3ef2d,Mahindra,Scooter,Gusto 110,TwoWheeler
fa5a709b-56c3-4b34-9e03-953a8eb3ef2d,Mahindra,Scooter,Gusto 125,TwoWheeler
fa5a709b-56c3-4b34-9e03-953a8eb3ef2d,Mahindra,Scooter,Gusto RS 109.6,TwoWheeler
fa5a709b-56c3-4b34-9e03-953a8eb3ef2d,Mahindra,Scooter,Rodeo UZO 125,TwoWheeler
fa5a709b-56c3-4b34-9e03-953a8eb3ef2d,Mahindra,Scooter,Rodeo RZ SYM 125,TwoWheeler
fa5a709b-56c3-4b34-9e03-953a8eb3ef2d,Mahindra,Scooter,Duro DZ 125,TwoWheeler
fa5a709b-56c3-4b34-9e03-953a8eb3ef2d,Mahindra,Scooter,Flyte 125,TwoWheeler
341c693d-2bf0-4e51-919e-e55316b3221e,Terra,Scooter,Seed 60 Alfa,TwoWheeler
341c693d-2bf0-4e51-919e-e55316b3221e,Terra,Scooter,Eco Electric,TwoWheeler
341c693d-2bf0-4e51-919e-e55316b3221e,Terra,Scooter,Acuto,TwoWheeler
662c43e0-db03-4431-bd28-9dff5ce16539,Pure EV,Scooter,Epluto 7G,TwoWheeler
662c43e0-db03-4431-bd28-9dff5ce16540,Pure EV,Scooter,Etrance Neo,TwoWheeler
662c43e0-db03-4431-bd28-9dff5ce16541,Pure EV,Scooter,Etrance Plus,TwoWheeler
d3c6a799-b46c-4cda-9103-665dfa4b4913,Niu,Scooter,MQi (Single Seater),TwoWheeler
d3c6a799-b46c-4cda-9103-665dfa4b4914,Niu,Scooter,MQi Plus,TwoWheeler
d3c6a799-b46c-4cda-9103-665dfa4b4915,Niu,Scooter,MQi GT,TwoWheeler
d3c6a799-b46c-4cda-9103-665dfa4b4915,Niu,Scooter,NQi GT / S,TwoWheeler
d3c6a799-b46c-4cda-9103-665dfa4b4916,Niu,Scooter,NQi Sport,TwoWheeler
d3c6a799-b46c-4cda-9103-665dfa4b4917,Niu,Scooter,Gova 03,TwoWheeler
d3c6a799-b46c-4cda-9103-665dfa4b4918,Niu,Scooter,Gova GS,TwoWheeler
d3c6a799-b46c-4cda-9103-665dfa4b4917,Niu,Scooter,UQim,TwoWheeler
d3c6a799-b46c-4cda-9103-665dfa4b4917,Niu,Scooter,UQi GT,TwoWheeler
2e54a3d3-ba58-488d-bfd1-300a5aa37d84,Super Soco,Bike,TC,TwoWheeler
2e54a3d3-ba58-488d-bfd1-300a5aa37d85,Super Soco,Bike,TS Street Hunter,TwoWheeler
2e54a3d3-ba58-488d-bfd1-300a5aa37d86,Super Soco,Bike,TC Wanderer,TwoWheeler
2e54a3d3-ba58-488d-bfd1-300a5aa37d87,Super Soco,Bike,TC Max,TwoWheeler
2e54a3d3-ba58-488d-bfd1-300a5aa37d82,Super Soco,Scooter,CU Mini,TwoWheeler
2e54a3d3-ba58-488d-bfd1-300a5aa37d82,Super Soco,Scooter,CUx,TwoWheeler
2e54a3d3-ba58-488d-bfd1-300a5aa37d83,Super Soco,Scooter,CPx (Single Battery),TwoWheeler
2e54a3d3-ba58-488d-bfd1-300a5aa37d84,Super Soco,Scooter,CPx (Double Battery),TwoWheeler
5ad57880-2ca2-4e61-ba56-5b0a3d755d9a,Bella,Bike,T3 Sport,TwoWheeler
5ad57880-2ca2-4e61-ba56-5b0a3d755d9a,Bella,Bike,T5 Sport,TwoWheeler
5ad57880-2ca2-4e61-ba56-5b0a3d755d9a,Bella,Scooter,Duro,TwoWheeler
5ad57880-2ca2-4e61-ba56-5b0a3d755d9a,Bella,Scooter,Carino,TwoWheeler
5ad57880-2ca2-4e61-ba56-5b0a3d755d9a,Bella,Scooter,Gloria,TwoWheeler
5ad57880-2ca2-4e61-ba56-5b0a3d755d9a,Bella,Scooter,Aspro,TwoWheeler
5ad57880-2ca2-4e61-ba56-5b0a3d755d9a,Bella,Scooter,Dolce,TwoWheeler
111f5726-71a5-4f28-a8ba-87af8a8568ae,TailG,Bike,Genius X 46,TwoWheeler
111f5726-71a5-4f28-a8ba-87af8a8568ae,TailG,Bike,Genius XY 46,TwoWheeler
111f5726-71a5-4f28-a8ba-87af8a8568ae,TailG,Scooter,Leopard,TwoWheeler
111f5726-71a5-4f28-a8ba-87af8a8568ae,TailG,Scooter,Lion,TwoWheeler
111f5726-71a5-4f28-a8ba-87af8a8568ae,TailG,Scooter,Tiger,TwoWheeler
9cbe6809-4cb6-4903-8045-909f6f208a2a,Yadea,Scooter,C1S,TwoWheeler
9cbe6809-4cb6-4903-8045-909f6f208a2a,Yadea,Scooter,G5,TwoWheeler
9cbe6809-4cb6-4903-8045-909f6f208a2a,Yadea,Scooter,S-Like,TwoWheeler
f7ee71c8-ed6e-4bef-8b84-47dfdb1cdbe2,SMS,Scooter,Buzz e-scooter,TwoWheeler
f7ee71c8-ed6e-4bef-8b84-47dfdb1cdbe3,SMS,Scooter,Eco e-scooter,TwoWheeler
d71a14cb-7109-41a6-83dd-9438c6cdcb30,Runyang,Scooter,Tortoise King,TwoWheeler
d71a14cb-7109-41a6-83dd-9438c6cdcb31,Runyang,Scooter,Climbing King,TwoWheeler
d71a14cb-7109-41a6-83dd-9438c6cdcb32,Runyang,Scooter,Running King,TwoWheeler
b4bdda1f-8771-47a8-ab06-e40555ebccce,Miyama,Scooter,CJY-1,TwoWheeler
b4bdda1f-8771-47a8-ab06-e40555ebccce,Miyama,Scooter,SD-1,TwoWheeler
b4bdda1f-8771-47a8-ab06-e40555ebccce,Miyama,Scooter,LY-1,TwoWheeler
b4bdda1f-8771-47a8-ab06-e40555ebccce,Miyama,Scooter,JY-1,TwoWheeler
4df45e0f-fdb4-415e-aec3-dabe2ebba8ed,Zongshen,Bike,RX3,TwoWheeler
4df45e0f-fdb4-415e-aec3-dabe2ebba8ed,Zongshen,Bike,Z1,TwoWheeler
4df45e0f-fdb4-415e-aec3-dabe2ebba8ed,Zongshen,Scooter,ZT6,TwoWheeler
d52d32e2-aac6-4d21-a610-338b9fb31254,Lvneng,Scooter,LX 06 Max,TwoWheeler
d52d32e2-aac6-4d21-a610-338b9fb31255,Lvneng,Scooter,LX 04,TwoWheeler
d52d32e2-aac6-4d21-a610-338b9fb31256,Lvneng,Scooter,LX 01,TwoWheeler
d52d32e2-aac6-4d21-a610-338b9fb31257,Lvneng,Scooter,LX 02,TwoWheeler
d52d32e2-aac6-4d21-a610-338b9fb31258,Lvneng,Scooter,LX 05,TwoWheeler
d52d32e2-aac6-4d21-a610-338b9fb31258,Lvneng,Scooter,LX 08,TwoWheeler
d52d32e2-aac6-4d21-a610-338b9fb31258,Lvneng,Scooter,LX 05 - D,TwoWheeler
fd8410f2-a280-49ec-a515-64b718cc5162,Komaki,Bike,Ranger,TwoWheeler
fd8410f2-a280-49ec-a515-64b718cc5162,Komaki,Scooter,SE,TwoWheeler
fd8410f2-a280-49ec-a515-64b718cc5163,Komaki,Scooter,Venice,TwoWheeler
304b233a-185e-4874-a7eb-35fc24fea440,Segway,Scooter,Ninebot GoKart Pro,TwoWheeler
304b233a-185e-4874-a7eb-35fc24fea440,Segway,Scooter,Ninebot E100,TwoWheeler
304b233a-185e-4874-a7eb-35fc24fea441,Segway,Scooter,Ninebot E125,TwoWheeler
c8483ea8-c8de-422c-9447-c8034b146d1b,Okinawa,Scooter,Ridge Plus,TwoWheeler
c8483ea8-c8de-422c-9447-c8034b146d1b,Okinawa,Scooter,Praise Pro,TwoWheeler
c8483ea8-c8de-422c-9447-c8034b146d1b,Okinawa,Scooter,i-Praise Plus,TwoWheeler
c8483ea8-c8de-422c-9447-c8034b146d1b,Okinawa,Scooter,Raise,TwoWheeler
c8483ea8-c8de-422c-9447-c8034b146d1b,Okinawa,Scooter,Lite,TwoWheeler
c8483ea8-c8de-422c-9447-c8034b146d1b,Okinawa,Scooter,R30,TwoWheeler
c8483ea8-c8de-422c-9447-c8034b146d1b,Okinawa,Scooter,Dual,TwoWheeler
2cb03eb8-ad23-4983-8450-8cdc81ded355,Miku,Bike,MAx,TwoWheeler
2cb03eb8-ad23-4983-8450-8cdc81ded356,Miku,Bike,Super,TwoWheeler
ef98b079-dd23-4216-9b19-f5b4ab48b3b2,Kayo,Bike,T2,TwoWheeler
ef98b079-dd23-4216-9b19-f5b4ab48b3b3,Kayo,Bike,T4,TwoWheeler
9e964ae7-fe1c-4124-8d65-d9a08b7676f0,Hunter,Bike,Spyder,TwoWheeler
9e964ae7-fe1c-4124-8d65-d9a08b7676f1,Hunter,Bike,Daytona,TwoWheeler
9e964ae7-fe1c-4124-8d65-d9a08b7676f2,Hunter,Bike,Cruiser,TwoWheeler
9e964ae7-fe1c-4124-8d65-d9a08b7676f3,Hunter,Bike,Cafe Racer,TwoWheeler
9e964ae7-fe1c-4124-8d65-d9a08b7676f4,Hunter,Bike,Sniper TT350X,TwoWheeler
c7502b44-08b2-400e-a9b3-43facce0235f,GPX,Bike,Razer 220,TwoWheeler
c7502b44-08b2-400e-a9b3-43facce0235f,GPX,Bike,Gentleman Racer 200,TwoWheeler
c7502b44-08b2-400e-a9b3-43facce0235f,GPX,Bike,Legend 200,TwoWheeler
c7502b44-08b2-400e-a9b3-43facce0235f,GPX,Bike,Legend Gentleman 200,TwoWheeler
c7502b44-08b2-400e-a9b3-43facce0235f,GPX,Bike,Legend 150GN,TwoWheeler
c7502b44-08b2-400e-a9b3-43facce0235f,GPX,Bike,Legend 200 GN,TwoWheeler
c7502b44-08b2-400e-a9b3-43facce0235f,GPX,Bike,Demon 150GN,TwoWheeler
afe8dc5a-b105-47bc-8029-701a6ba97b2c,Motrac,Bike,MX-1,TwoWheeler
afe8dc5a-b105-47bc-8029-701a6ba97b2c,Motrac,Bike,M5,TwoWheeler
afe8dc5a-b105-47bc-8029-701a6ba97b2c,Motrac,Bike,M6,TwoWheeler
afe8dc5a-b105-47bc-8029-701a6ba97b2c,Motrac,Bike,M - OX,TwoWheeler
afe8dc5a-b105-47bc-8029-701a6ba97b2c,Motrac,Bike,MX-EF1,TwoWheeler
afe8dc5a-b105-47bc-8029-701a6ba97b2c,Motrac,Bike,Mox,TwoWheeler
afe8dc5a-b105-47bc-8029-701a6ba97b2c,Motrac,Bike,E-M5,TwoWheeler
afe8dc5a-b105-47bc-8029-701a6ba97b2c,Motrac,Bike,E-MX,TwoWheeler